PCAS,T_V,CHEMICAL,Formula,MC_number,Log10P,PrimaryObs,P_LR,P_LR_Value,Log10U,UltimateObs,U_LR,U_LR_Value,E,S,A,B,V_McGowanVolume,logP_Soil,MolecularWeight,No. of Hydrogen Bond Donors,No. of Hydrogen Bond Acceptors,TPSA,No. of Rotatable Bonds,C Ratio,N Ratio,NO Ratio,Hetero Ratio,Halogen Ratio,Number of Rings,Number of Aromatic Rings,Number of Rings (size 3),Number of Rings (size 4),Number of Rings (size 5),Number of Rings (size 6),Dielectric Constant,Parachor,Index of Refraction,Surface Tension,Density,Polarizability,Molar Volume,Molar Refractivity,logSw,ATMOSPHERIC_HYDROXYLATION_RATE_(AOH)_CM3/MOLECULE*SEC_OPERA_PRED,BIOCONCENTRATION_FACTOR_OPERA_PRED,BIODEGRADATION_HALF_LIFE_DAYS_DAYS_OPERA_PRED,BOILING_POINT_DEGC_OPERA_PRED,MELTING_POINT_DEGC_OPERA_PRED,HENRYS_LAW_ATM-M3/MOLE_OPERA_PRED,OCTANOL_AIR_PARTITION_COEFF_LOGKOA_OPERA_PRED,OCTANOL_WATER_PARTITION_LOGP_OPERA_PRED,WATER_SOLUBILITY_MOL/L_OPERA_PRED
p0000050180,Training,50180,C7H15Cl2N2O2P,46271,0.550228353,3.55,Days to Weeks,4,0.376576957,2.38,Weeks to Months,2,0.5,2.2,0.14,1.18,1.75,0.79,261.09,1,4,51.38,5,0.5,0.14,0.29,0.36,0.14,1,0,0,0,0,1,,504.9,1.51,44.31,1.33,23.03,195.7,58.09,-0.5160924,2.39E-11,2.41513,4.2272,300.092,51.4676,1.04E-06,8.52269,0.635405,0.152333
p0000050657,Vaildati,50657,C13H8Cl2N2O4,198296,0.536558443,3.44,Days to Weeks,4,0.324282455,2.11,Months,1,2.17,2.67,0.77,0.78,2.06,3.87,327.12,2,6,95.15,3,0.62,0.1,0.29,0.29,0.1,2,2,0,0,0,2,,589.13,1.71,71.67,1.62,31.34,202.48,79.05,-4.8595472,1.38E-11,59.9092,4.71712,343.392,229.95,5.06E-09,9.3347,3.74763,6.23E-05
p0000052686,Training,52686,C4H8Cl3O4P,28923,0.557507202,3.61,Days to Weeks,4,0.356025857,2.27,Weeks to Months,2,0.74,1.05,0.42,1.3,1.48,1.06,257.44,1,4,65.57,4,0.33,0,0.33,0.42,0.25,0,0,0,0,0,0,,427.27,1.49,46.62,1.57,18.61,163.52,46.95,-0.731862,1.95E-11,1.03139,4.13785,290.878,76.9546,1.47E-07,9.23857,0.511388,0.515308
p0000052857,Vaildati,52857,C10H16NO5PS2, ,0.556302501,3.6,Days to Weeks,4,0.390935107,2.46,Weeks to Months,2,1.69,1.88,0,1.75,2.2,2.21,325.34,0,6,115.35,6,0.53,0.05,0.32,0.47,0,1,1,0,0,0,1,,641.92,1.55,50.99,1.35,30.5,240.22,76.93,-1.08418,1.62E-11,1.69003,4.22802,362.971,52.9693,3.70E-07,9.67722,2.23026,0.000309394
p0000056553,Training,56553,C18H12,50970,0.423245874,2.65,Weeks to Mont,2,0.245512668,1.76,Months,1,2.71,1.66,0,0.29,1.82,5.51,228.29,0,0,0,0,1,0,0,0,0,4,4,0,0,0,4,3.25,518.77,1.77,53.54,1.19,31.63,191.78,79.78,-6.9503,2.80E-11,258.361,285.962,436.862,220.498,1.18E-05,9.37103,5.60152,1.38E-08
p0000060128,Training,60128,C8H10O,426252,0.611723308,4.09,Days,5,0.546542663,3.52,Days to Weeks,4,0.78,0.91,0.31,0.4,1.06,2.01,122.16,1,1,20.23,2,0.89,0,0.11,0.11,0,1,1,0,0,0,1,,300.6,1.54,39.7,1.02,14.8,119.76,37.34,-1.839338,4.16E-11,8.09116,4.51853,218.229,-25.4648,2.60E-07,6.11433,1.36075,0.181288
p0000062737,Training,62737,C4H7Cl2,26738,0.593286067,3.92,Days,5,0.428134794,2.68,Weeks to Months,2,0.65,1.01,0,1.3,1.31,0.55,220.98,0,4,54.57,4,0.36,0,0.36,0.45,0.18,0,0,0,0,0,0,,382.68,1.46,38.15,1.44,16.76,153.98,42.29,0.93054,3.61E-11,0.502026,4.1387,234.005,-59.8885,4.06E-09,6.07272,1.42945,0.0490453
p0000066819,Training,66819,C15H23NO4,20185,0.551449998,3.56,Days to Weeks,4,0.44870632,2.81,Weeks,3,1.41,1.81,0.65,1.62,2.21,2.32,281.35,2,5,83.47,3,0.75,0.05,0.25,0.25,0,2,0,0,0,0,2,,622.44,1.5,39.97,1.14,28.81,247.55,72.66,-3.578826,1.76E-11,2.81761,4.71749,299.743,119.121,1.52E-11,9.27993,0.547757,0.0739048
p0000068122,Training,68122,C3H7NO,25356,0.611723308,4.09,Days,5,0.532754379,3.41,Days to Weeks,4,0.35,1.11,0,0.63,0.65,-0.05,73.09,0,2,20.31,0,0.6,0.2,0.4,0.4,0,0,0,0,0,0,0,,186.08,1.4,25.72,0.88,7.87,82.63,19.86,1.1008,1.12E-12,0.797094,7.57424,152.98,-60.3111,7.36E-08,4.14122,-1.01029,13.691
p0000070304,Training,70304,C13H6Cl6O2,29887,0.385606274,2.43,Weeks to Mont,2,0.247973266,1.77,Months,1,2.21,1.78,1.39,0.27,2.32,6.25,406.9,2,2,40.46,2,0.62,0,0.1,0.1,0.29,2,2,0,0,0,2,,663.56,1.67,61.04,1.71,35.16,237.4,88.7,-6.6822786,7.87E-12,118.254,45.2972,478.941,166.506,3.63E-11,9.3527,7.53844,0.0003451
p0000075354,Training,75354,C2H2Cl2, ,0.471291711,2.96,Weeks,3,0.338456494,2.18,Months,1,0.35,0.46,0,0.1,0.59,1.35,96.94,0,0,0,0,0.5,0,0,0,0.5,0,0,0,0,0,0,,173.79,1.43,23.17,1.22,8.16,79.21,20.58,-1.40727,1.09E-11,12.8512,7.96796,31.7733,-121.873,0.0257407,2.59801,2.13018,0.0237446
p0000077098,Training,77098,C20H14O4,30464,0.544068044,3.5,Days to Weeks,4,0.387389826,2.44,Weeks to Months,2,2.47,2.34,1,1.18,2.3,4.22,318.32,2,4,66.76,2,0.83,0,0.17,0.17,0,4,3,0,0,1,3,,652.37,1.69,65.04,1.39,34.93,229.72,88.11,-6.12616,7.25E-11,29.6681,44.1389,404.143,262.5,1.85E-10,9.43458,2.88965,0.00125778
p0000078579,Training,78579,C6H12N5O2PS2, ,0.544068044,3.5,Days to Weeks,4,0.367355921,2.33,Weeks to Months,2,2.23,1.88,0.45,1.72,1.86,2.15,281.3,4,7,176.37,5,0.38,0.31,0.44,0.63,0,1,1,0,0,0,1,,561.34,1.68,91.1,1.55,27.28,181.7,68.8,-2.024488,1.42E-11,7.27743,140.378,322.027,165.021,3.91E-07,9.40374,0.934892,0.00085144
p0000078591,Vaildati,78591,C9H14O,24881,0.56937391,3.71,Days to Weeks,4,0.447158031,2.8,Weeks,3,0.54,0.76,0,0.45,1.24,2.12,138.21,0,1,17.07,0,0.9,0,0.1,0.1,0,1,0,0,0,0,1,,346.21,1.46,26.46,0.91,16.42,152.64,41.43,-2.47498,7.69E-11,2.01286,3.69868,216.014,-7.78827,3.70E-05,4.32297,1.70616,0.0887907
p0000078875,Training,78875,C3H6Cl2,21237,0.471291711,2.96,Weeks,3,0.369215857,2.34,Weeks to Months,2,0.38,0.47,0,0.13,0.78,1.73,112.99,0,0,0,1,0.6,0,0,0,0.4,0,0,0,0,0,0,,225.78,1.42,24.77,1.12,10.15,101.2,25.6,-2.06007,5.29E-13,7.08405,7.5986,95.4989,-99.53,0.00279293,2.98922,1.98521,0.0245097
p0000080331,Training,80331,C12H8Cl2O3S,25618,0.501059262,3.17,Weeks,3,0.328379603,2.13,Months,1,1.58,2.35,0,0.88,1.91,2.8,303.16,0,3,51.75,3,0.67,0,0.17,0.22,0.11,2,2,0,0,0,2,,551.72,1.61,50.47,1.46,28.41,207,71.68,-3.1422,3.36E-12,158.706,4.96856,352.41,86.3097,0.000305921,8.84314,4.23322,9.81E-06
p0000081049,Vaildati,81049,C10H8O6S2,29588,0.521138084,3.32,Days to Weeks,4,0.431363764,2.7,Weeks to Months,2,1.89,3.19,0.63,1.71,1.76,0.65,288.3,2,6,125.5,2,0.56,0,0.33,0.44,0,2,2,0,0,0,2,,500.08,1.7,76.48,1.7,25.77,169.1,65.01,-0.9462526,3.18E-12,2.74252,11.7144,303.833,153.263,3.94E-07,9.12363,1.83474,0.434945
p0000081776,Training,81776,C28H14N2O4,67739,0.484299839,3.05,Weeks,3,0.301029996,2,Months,1,4.53,3.92,0.18,1.8,3.04,5.69,442.42,2,6,92.34,0,0.82,0.06,0.18,0.18,0,7,4,0,0,0,7,,859.8,1.75,69.86,1.49,47.85,297.4,120.71,-6.198928,1.69E-11,36.9606,244.649,483.798,173.563,2.53E-12,9.73656,4.07811,1.85E-07
p0000083329,Training,83329,C12H10,27657,0.499687083,3.16,Weeks,3,0.342422681,2.2,Months,1,1.53,0.99,0,0.15,1.26,3.68,154.21,0,0,0,0,1,0,0,0,0,3,2,0,0,1,2,3.11,357.29,1.69,49.2,1.14,20.48,134.9,51.66,-4.64275,5.78E-11,755.891,38.9348,278.932,93.2455,0.000184171,6.32789,3.9209,3.66E-05
p0000085223,Vaildati,85223,C8H5Br5,197222,0.374748346,2.37,Weeks to Mont,2,0.158362492,1.44,Recalcitrant,0,2.14,1.48,0,0,1.87,5.7,500.65,0,0,0,1,0.62,0,0,0,0.38,1,1,0,0,0,1,,536.35,1.65,48.56,2.46,29.44,203.17,74.25,-7.94517,1.62E-12,335.351,11.3238,341.125,138.398,0.000870523,8.82765,5.61863,5.93E-10
p0000086293,Training,86293,C14H11N,20884,0.527629901,3.37,Days to Weeks,4,0.361727836,2.3,Weeks to Months,2,1.34,1.64,0,0.41,1.62,3.31,193.24,0,1,23.79,3,0.93,0.07,0.07,0.07,0,2,2,0,0,0,2,,465.07,1.58,45.09,1.08,23.83,179.47,60.12,-4.28428,6.98E-12,210.704,5.9755,315.781,74.1749,8.49E-05,7.43466,2.99987,0.00111939
p0000086306,Vaildati,86306,C12H10N2O,20585,0.555094449,3.59,Days to Weeks,4,0.383815366,2.42,Weeks to Months,2,1.55,2.08,0,0.47,1.54,2.93,198.22,0,3,32.67,3,0.8,0.13,0.2,0.2,0,2,2,0,0,0,2,,467.62,1.58,44.03,1.09,24.03,181.53,60.61,-3.58264,2.09E-12,21.4659,5.73505,312.415,66.5849,9.19E-07,5.96344,3.12968,0.000177316
p0000086500,Training,86500,C10H12N3O3PS2, ,0.586587305,3.86,Days,5,0.350248018,2.24,Months,1,2.28,1.7,0,1.64,2.09,2.95,317.33,0,6,130.69,5,0.53,0.16,0.32,0.47,0,2,1,0,0,0,2,,584.04,1.68,60.96,1.52,31.26,209.02,78.85,-1.84293,1.68E-11,9.26715,95.264,334.654,72.9568,9.96E-08,9.82933,2.74875,7.29E-05
p0000086759,Training,86759,C16H11NO2,23951,0.568201724,3.7,Days to Weeks,4,0.413299764,2.59,Weeks to Months,2,1.98,1.95,0,0.87,1.87,3.45,249.26,0,3,39.19,3,0.84,0.05,0.16,0.16,0,3,3,0,0,0,3,,542.66,1.66,53.99,1.25,29.27,200.19,73.83,-3.7351,1.28E-11,32.5796,3.72812,361.411,118.98,5.84E-09,8.61618,3.98768,0.000186587
p0000088539,Training,88539,C7H8ClNO3S, ,0.498310554,3.15,Weeks,3,0.361727836,2.3,Weeks to Months,2,1.3,2.21,0.6,1.12,1.42,1.09,221.66,3,4,88.77,1,0.54,0.08,0.31,0.38,0.08,1,1,0,0,0,1,,403.63,1.62,63.98,1.55,19.89,142.72,50.17,-0.956734,1.19E-11,5.51229,3.17447,304.463,183.145,4.18E-09,8.12248,-0.884526,0.0627449
p0000088857,Training,88857,C10H12N2O5,222753,0.465382851,2.92,Weeks,3,0.342422681,2.2,Months,1,1.25,1.75,0.28,0.49,1.69,3.17,240.21,1,7,111.87,4,0.59,0.12,0.41,0.41,0,1,1,0,0,0,1,,488.08,1.59,56.37,1.35,23.8,178.13,60.04,-3.9033864,1.06E-11,61.6372,4.56927,332.006,40.6573,6.29E-08,8.75898,3.55916,0.000274628
p0000090437,Training,90437,C12H10O,21548,0.559906625,3.63,Days to Weeks,4,0.488550717,3.08,Weeks,3,1.61,1.37,0.5,0.49,1.38,3.18,170.21,1,1,20.23,1,0.92,0,0.08,0.08,0,2,2,0,0,0,2,,395.65,1.6,44.54,1.11,20.9,153.15,52.73,-3.2073,8.43E-11,48.602,22.4905,286.159,59.0344,7.19E-08,9.19909,3.09101,0.0154132
p0000091021,Training,91021,C12H9NO,40887,0.534026106,3.42,Days to Weeks,4,0.426511261,2.67,Weeks to Months,2,1.41,1.72,0,0.79,1.44,2.17,183.21,0,2,29.96,2,0.86,0.07,0.14,0.14,0,2,2,0,0,0,2,,421.06,1.59,47.05,1.14,21.46,160.77,54.14,-1.96478,2.65E-12,5.32415,4.07846,316.705,42.9364,2.75E-07,7.25457,1.88033,0.000421433
p0000091598,Training,91598,C10H9N, ,0.549003262,3.54,Days to Weeks,4,0.463892989,2.91,Weeks,3,1.58,1.41,0.23,0.49,1.19,2.64,143.19,2,1,26.02,0,0.91,0.09,0.09,0.09,0,2,2,0,0,0,2,,336.94,1.69,51.41,1.14,19.16,125.83,48.33,-2.5293774,1.07E-10,45.1758,22.3616,300.036,112.081,8.18E-08,8.47069,2.28051,0.00133253
p0000092853,Training,92853,C12H8S2,20439,0.509202522,3.23,Weeks,3,0.338456494,2.18,Months,1,2.08,1.37,0,0.41,1.54,4.15,216.32,0,0,50.6,0,0.86,0,0,0.14,0,3,2,0,0,0,3,,457.81,1.72,59.22,1.31,25.97,165.03,65.51,-4.91645,1.23E-11,117.667,281.685,364.888,159.232,6.00E-05,7.87613,4.47071,5.06E-08
p0000093721,Vaildati,93721,C9H7Cl3O3, ,0.451786436,2.83,Weeks,3,0.264817823,1.84,Months,1,1.16,1.5,0.57,0.53,1.64,3.11,269.51,1,3,46.53,3,0.6,0,0.2,0.2,0.2,1,1,0,0,0,1,,470.3,1.57,49.5,1.52,23.15,177.3,58.41,-3.5625802,1.16E-11,3.18299,3.53748,321.868,181.349,1.60E-09,8.59486,3.79814,0.000356901
p0000095647,Vaildati,95647,C8H11N,27099,0.526339277,3.36,Days to Weeks,4,0.437750563,2.74,Weeks to Months,2,0.91,0.97,0.23,0.43,1.1,2.13,121.18,2,1,26.02,0,0.89,0.11,0.11,0.11,0,1,1,0,0,0,1,,308.4,1.56,37.94,0.98,15.91,124.26,40.14,-2.0449918,2.71E-11,8.861,6.53689,225.515,47.8262,1.86E-06,6.47551,1.83916,0.0312898
p0000095727,Training,95727,C8H9Cl,80148,0.489958479,3.09,Weeks,3,0.383815366,2.42,Weeks to Months,2,0.75,0.66,0,0.11,1.12,2.83,140.61,0,0,0,0,0.89,0,0,0,0.11,1,1,0,0,0,1,,318.43,1.52,31.95,1.05,16.17,133.93,40.8,-3.7254,2.83E-12,174.58,11.5166,187.766,-15.6737,0.000961483,4.31782,3.85921,0.000161713
p0000096231,Training,96231,C3H6Cl2O,90982,0.557507202,3.61,Days to Weeks,4,0.482873584,3.04,Weeks,3,0.46,0.72,0.42,0.34,0.83,1.42,128.98,1,1,20.23,2,0.5,0,0.17,0.17,0.33,0,0,0,0,0,0,,242.51,1.46,36.43,1.31,10.76,98.71,27.14,-0.8265436,3.16E-12,7.95214,6.24107,176.013,-3.89612,2.05E-06,4.69968,0.765212,0.774678
p0000098066,Training,98066,C10H14,26557,0.539076099,3.46,Days to Weeks,4,0.418301291,2.62,Weeks to Months,2,0.56,0.58,0,0.16,1.28,2.94,134.22,0,0,0,1,1,0,0,0,0,1,1,0,0,0,1,2.35,355.31,1.48,26.83,0.86,17.7,156.12,44.64,-4.02234,4.64E-12,295.083,5.50861,169.22,-57.7878,0.00788948,4.45588,4.11138,0.000218213
p0000098828,Training,98828,C9H12,28776,0.565847819,3.68,Days to Weeks,4,0.482873584,3.04,Weeks,3,0.59,0.63,0,0.15,1.14,2.64,120.19,0,0,0,1,1,0,0,0,0,1,1,0,0,0,1,2.33,322.32,1.49,28.5,0.86,16.03,139.51,40.44,-3.49811,6.54E-12,35.7321,14.9574,152.541,-94.0779,0.0113666,3.99095,3.66274,0.000521787
p0000098975,Training,98975,C5H4N2O2,33146,0.544068044,3.5,Days to Weeks,4,0.450249108,2.82,Weeks,3,0.82,1.2,0.57,0.82,0.85,0.58,124.1,1,4,63.08,1,0.56,0.22,0.44,0.44,0,1,1,0,0,0,1,,257.7,1.58,72.18,1.4,11.64,88.41,29.37,0.3704912,1.26E-11,4.22637,5.3899,296.835,132.017,4.16E-09,5.98912,-0.394633,0.422337
p0000099309,Training,99309,C6H4Cl2N2O2,20218,0.423245874,2.65,Weeks to Mont,2,0.250420002,1.78,Months,1,1.37,1.8,0.28,0.45,1.24,2.32,207.01,2,4,71.84,1,0.5,0.17,0.33,0.33,0.17,1,1,0,0,0,1,,360.33,1.66,63.88,1.62,18.56,127.46,46.82,-2.323032,1.53E-12,15.5603,4.95998,319.571,190.812,3.08E-09,8.46152,2.7987,0.000033186
p0000099661,Training,99661,C8H16O2,113819,0.610660163,4.08,Days,5,0.517195898,3.29,Days to Weeks,4,0.17,0.62,0.57,0.4,1.31,2.16,144.21,1,2,37.3,5,0.8,0,0.2,0.2,0,0,0,0,0,0,0,,369.61,1.44,31.84,0.93,16.11,155.59,40.63,-2.233206,1.14E-11,3.38249,4.49136,222.121,60.7806,8.32E-07,6.00196,2.74758,0.0138269
p0000100425,Training,100425,C8H8,82785,0.568201724,3.7,Days to Weeks,4,0.505149978,3.2,Weeks,3,0.7,0.7,0,0.17,0.96,2.25,104.15,0,0,0,1,1,0,0,0,0,1,1,0,0,0,1,2.35,272.24,1.56,30.99,0.9,14.74,115.38,37.18,-2.75216,5.79E-11,13.4833,6.39142,145.077,-30.1466,0.00274507,3.78196,2.94967,0.00210902
p0000101213,Training,101213,C10H12ClNO2,49466,0.610660163,4.08,Days,5,0.471291711,2.96,Weeks,3,1.12,1,0.31,0.73,1.58,2.85,213.66,1,3,41.82,3,0.71,0.07,0.21,0.21,0.07,1,1,0,0,0,1,,444.06,1.53,36.14,1.18,22.04,181.1,55.61,-3.1299406,1.57E-11,32.4158,3.54249,284.138,41.0684,4.40E-09,9.02424,3.50695,0.000436028
p0000101279,Training,101279,C11H9Cl2NO2,49168,0.521138084,3.32,Days to Weeks,4,0.322219295,2.1,Months,1,1.23,1.6,0.44,0.66,1.75,3.1,258.1,1,3,38.33,5,0.69,0.06,0.19,0.19,0.13,1,1,0,0,0,1,,502.5,1.61,54.39,1.39,25.34,185.04,63.92,-3.6858948,1.54E-11,51.9741,3.52337,282.882,75.0894,1.59E-09,9.698,3.00509,4.35E-05
p0000101428,Vaildati,101428,C9H12N2O, ,0.56937391,3.71,Days to Weeks,4,0.457881897,2.87,Weeks,3,1.01,1.48,0.31,0.85,1.35,1.64,164.2,1,3,32.34,1,0.75,0.17,0.25,0.25,0,1,1,0,0,0,1,,376.49,1.58,43.88,1.12,19.38,146.28,48.88,-1.348917,1.73E-11,5.4148,3.81747,309.498,133.536,1.88E-09,9.29205,0.981261,0.0244339
p0000101804,Training,101804,C12H12N2O,26089,0.51054501,3.24,Weeks,3,0.387389826,2.44,Weeks to Months,2,1.81,2.08,0.45,1.03,1.58,2.27,200.24,4,3,61.27,2,0.8,0.13,0.2,0.2,0,2,2,0,0,0,2,,450.07,1.67,55.92,1.22,24.25,164.58,61.17,-2.212567,4.11E-11,33.1845,22.399,350.061,144.107,4.70E-08,8.36212,1.36378,0.00193983
p0000101848,Training,101848,C12H10O,39311,0.536558443,3.44,Days to Weeks,4,0.445604203,2.79,Weeks,3,1.19,1.25,0,0.41,1.38,2.89,170.21,0,1,9.23,2,0.92,0,0.08,0.08,0,2,2,0,0,0,2,,398.4,1.57,38.42,1.06,20.89,160.02,52.7,-3.47749,9.67E-12,316.056,5.87296,258.048,27.1481,8.61E-05,6.11077,4.13044,0.0001328
p0000103297,Training,103297,C14H14,28789,0.56937391,3.71,Days to Weeks,4,0.469822016,2.95,Weeks,3,1.15,1.1,0,0.21,1.61,3.86,182.26,0,0,0,3,1,0,0,0,0,2,2,0,0,0,2,2.63,456.02,1.57,38.6,1,23.9,182.95,60.29,-5.31759,3.56E-11,731.624,16.2943,283.96,49.5046,0.000519635,6.874,4.78799,2.37E-05
p0000103311,Training,103311,C13H11N,29496,0.550228353,3.55,Days to Weeks,4,0.436162647,2.73,Weeks to Months,2,1.35,1.33,0,0.56,1.52,3.03,181.23,0,1,12.89,2,0.93,0.07,0.07,0.07,0,2,2,0,0,0,2,,436.11,1.67,47.79,1.09,24.47,165.86,61.74,-3.49893,3.18E-11,201.926,5.64602,308.326,65.8229,0.000120652,7.05536,2.7517,0.000023361
p0000103333,Training,103333,C12H10N2,22102,0.550228353,3.55,Days to Weeks,4,0.385606274,2.43,Weeks to Months,2,1.38,0.86,0,0.41,1.48,3.6,182.22,0,2,24.72,2,0.86,0.14,0.14,0.14,0,2,2,0,0,0,2,,447.59,1.57,39.87,1.02,23.33,178.13,58.86,-4.36764,3.89E-12,82.3119,6.19384,293.087,68.261,3.84E-05,5.84307,3.81947,3.54E-05
p0000104154,Training,104154,C7H8O3S,22167,0.546542663,3.52,Days to Weeks,4,0.471291711,2.96,Weeks,3,0.89,1.72,0.31,0.88,1.2,0.91,172.2,1,3,62.75,1,0.64,0,0.27,0.36,0,1,1,0,0,0,1,,338.55,1.56,48.2,1.34,16.54,128.49,41.73,-0.3494736,2.32E-12,5.4017,4.97523,291.954,104.323,1.34E-08,7.71324,1.21514,3.59185
p0000106241,Training,106241,C10H18O,29279,0.592176757,3.91,Days,5,0.494154594,3.12,Weeks,3,0.46,0.56,0.31,0.49,1.49,2.72,154.25,1,1,20.23,4,0.91,0,0.09,0.09,0,0,0,0,0,0,0,,413.52,1.47,29.17,0.87,19.71,177.94,49.71,-3.2146978,2.23E-10,7.60944,4.46853,227.422,6.78329,5.61E-07,7.64617,3.55828,0.00150491
p0000106887,Training,106887,C4H8O,44240,0.580924976,3.81,Days,5,0.494154594,3.12,Weeks,3,0.26,0.41,0,0.25,0.62,1.05,72.11,0,1,12.53,1,0.8,0,0.2,0.2,0,1,0,1,0,0,0,,188.82,1.41,28.32,0.88,7.99,81.85,20.16,-0.83937,1.94E-12,3.39264,4.11696,60.118,-100.176,0.000130252,2.67596,1.07032,1.17322
p0000107131,Training,107131,C3H3N,26362,0.575187845,3.76,Days,5,0.514547753,3.27,Days to Weeks,4,0.31,0.78,0,0.26,0.5,0.55,53.06,0,1,23.79,1,0.75,0.25,0.25,0.25,0,0,0,0,0,0,0,,148.81,1.38,25.02,0.8,6.18,66.53,15.59,-0.08348,4.11E-12,4.59952,3.6819,77.4294,-83.397,0.000136709,2.44357,0.249091,1.41385
p0000107197,Training,107197,C3H4O,28804,0.592176757,3.91,Days,5,0.509202522,3.23,Weeks,3,0.46,0.62,0.4,0.37,0.5,0.68,56.06,1,1,20.23,1,0.75,0,0.25,0.25,0,0,0,0,0,0,0,,147.23,1.43,37.93,0.94,6.07,59.33,15.31,0.478364,9.99E-12,3.25974,4.70932,113.624,-51.6998,5.62E-06,3.10047,-0.379439,17.8018
p0000110758,Training,110758,C4H7ClO,28261,0.565847819,3.68,Days to Weeks,4,0.451786436,2.83,Weeks,3,0.29,0.54,0,0.3,0.81,1.32,106.55,0,1,9.23,3,0.67,0,0.17,0.17,0.17,0,0,0,0,0,0,,238.41,1.42,24.28,0.99,10.66,107.4,26.9,-1.31489,2.67E-11,10.3243,4.29229,107.922,-70.0342,0.000075993,3.26663,1.07907,0.00415866
p0000111557,Vaildati,111557,C6H10O4,28853,0.6599162,4.57,Hours to Days,6,0.589949601,3.89,Days,5,0.13,0.98,0,0.7,1.1,0.71,146.14,0,4,52.6,5,0.6,0,0.4,0.4,0,0,0,0,0,0,0,,320.33,1.41,32.13,1.09,13.24,134.54,33.4,-0.27604,2.79E-12,2.39596,3.67877,190.656,-30.3905,0.000011635,3.86892,0.421694,1.19757
p0000112312,Vaildati,112312,C10H20O,26087,0.655138435,4.52,Hours to Days,6,0.579783597,3.8,Days,5,0.23,0.76,0,0.34,1.53,2.67,156.27,0,1,17.07,8,0.91,0,0.09,0.09,0,0,0,0,0,0,0,,438.88,1.42,27.92,0.82,19.25,190.92,48.56,-3.78615,2.60E-11,36.4209,4.94056,208.411,-4.68693,0.0017904,5.08066,3.58774,9.83E-05
p0000112629,Training,112629,C19H36O2,426282,0.621176282,4.18,Days,5,0.537819095,3.45,Days to Weeks,4,0.2,0.74,0,0.47,2.82,5.32,296.49,0,2,26.3,16,0.9,0,0.1,0.1,0,0,0,0,0,0,0,,800,1.45,30.92,0.87,36.43,339.26,91.91,-8.36374,5.00E-11,624.257,5.73154,359.699,-19.6363,2.49E-07,9.16112,7.45061,2.61E-07
p0000112958,Training,112958,C20H42,82789,0.607455023,4.05,Days,5,0.521138084,3.32,Days to Weeks,4,-0.03,0.25,0,0.09,2.93,6.42,282.55,0,0,0,17,1,0,0,0,0,0,0,0,0,0,0,2.08,827.85,1.44,28.38,0.79,37.54,358.67,94.71,-10.55962,1.96E-11,326.186,25.0423,343.014,36.7741,5.41E-06,8.82492,9.41623,6.75E-09
p0000115775,Vaildati,115775,C5H12O4,28100,0.587710965,3.87,Days,5,0.494154594,3.12,Weeks,3,0.79,1.21,1.25,1.18,1.05,0.38,136.15,4,4,80.92,4,0.56,0,0.44,0.44,0,0,0,0,0,0,0,,293.09,1.53,70.52,1.35,12.42,101.14,31.32,-0.77671,2.96E-11,1.25889,4.73239,317.038,259.653,1.00E-08,7.17628,-1.69111,0.468972
p0000116290,Vaildati,116290,C12H6Cl4O2S, ,0.426511261,2.67,Weeks to Mont,2,0.214843848,1.64,Recalcitrant,0,1.77,2.39,0,0.57,2.09,4.01,356.05,0,2,42.52,2,0.63,0,0.11,0.16,0.21,2,2,0,0,0,2,,605.65,1.62,51.94,1.58,31.55,225.6,79.59,-5.33356,2.42E-12,439.948,8.48073,407.342,146.856,6.85E-06,9.82194,4.60898,2.20E-07
p0000119982,Training,119982,C26H44O2, ,0.482873584,3.04,Weeks,3,0.344392274,2.21,Months,1,0.67,0.72,0.31,0.75,3.67,7.29,394.67,1,2,29.46,12,0.93,0,0.07,0.07,0,2,0,0,0,0,2,,1037.39,1.47,32.44,0.91,48.14,434.68,121.43,-10.8437084,2.34E-11,360.35,7.32512,389.912,35.7346,4.71E-08,10.3849,9.38575,9.61E-06
p0000122145,Training,122145,C9H12NO5PS, ,0.602059991,4,Days,5,0.445604203,2.79,Weeks,3,1.48,1.54,0,1.03,1.86,2.85,277.24,0,6,115.41,5,0.53,0.06,0.35,0.47,0,1,1,0,0,0,1,,549.78,1.57,54.01,1.37,26.39,202.8,66.56,-2.83126,1.60E-11,89.0529,4.30509,353.167,3.51253,9.23E-07,8.86578,3.30116,0.000104593
p0000123308,Training,123308,C6H7NO,21545,0.591064607,3.9,Days,5,0.501059262,3.17,Weeks,3,1.09,1.32,0.73,0.69,0.87,1.13,109.13,3,2,46.25,0,0.75,0.13,0.25,0.25,0,1,1,0,0,0,1,,248.12,1.64,57.4,1.21,12.83,90.14,32.37,-0.2139094,8.13E-11,21.8,5.89068,283.973,186.907,8.88E-08,7.59703,0.043623,0.153591
p0000123331,Vaildati,123331,C4H4N2O2,28823,0.5774918,3.78,Days,5,0.496929648,3.14,Weeks,3,1.1,1.35,1,1.01,0.75,0.24,112.09,2,4,66.24,0,0.5,0.25,0.5,0.5,0,1,1,0,0,0,1,,225.6,1.64,92.52,1.54,10.39,72.74,26.2,0.51696,1.03E-11,3.43126,5.8595,261.835,305.795,8.01E-09,7.45445,-0.83958,0.0464576
p0000124174,Training,124174,C10H20O4,25175,0.596597096,3.95,Days,5,0.471291711,2.96,Weeks,3,0.14,0.91,0,0.81,1.71,1.93,204.26,0,4,44.76,10,0.71,0,0.29,0.29,0,0,0,0,0,0,0,,494.07,1.43,30.75,0.97,21.27,209.81,53.64,-2.30594,1.31E-11,2.53192,3.67813,245.037,-31.922,5.43E-07,5.71834,1.02046,0.180846
p0000124185,Training,124185,C10H22,28781,0.625312451,4.22,Days,5,0.574031268,3.75,Days,5,-0.01,0.21,0,0.05,1.52,3.34,142.28,0,0,0,7,1,0,0,0,0,0,0,0,0,0,0,1.98,430,1.41,24.33,0.73,19.18,193.6,48.38,-5.15839,1.16E-11,1182.87,8.99194,173.973,-29.5609,0.153501,4.32698,5.01367,3.67E-07
p0000126114,Training,126114,C4H9NO5,22344,0.579783597,3.8,Days,5,0.489958479,3.09,Weeks,3,0.81,1.47,1.06,1.11,1.02,0.27,151.12,3,6,106.51,4,0.4,0.1,0.6,0.6,0,0,0,0,0,0,0,,295.12,1.54,76.14,1.51,12.36,99.91,31.17,-0.1820792,1.25E-11,2.19267,6.7308,295.467,213.918,4.38E-08,7.25717,-1.71689,9.80476
p0000126523,Training,126523,C9H13NO2,31538,0.553883027,3.58,Days to Weeks,4,0.459392488,2.88,Weeks,3,0.96,0.74,0.4,0.75,1.36,2.33,167.21,2,3,53.31,3,0.75,0.08,0.25,0.25,0,1,0,0,0,0,1,,386.39,1.51,39.72,1.09,18.23,153.91,45.97,-2.26052,3.64E-11,2.359,6.41202,239.43,96.0217,5.33E-08,7.71469,-0.194141,0.0150766
p0000126727,Training,126727,C9H15Br6O4P,23240,0.544068044,3.5,Days to Weeks,4,0.301029996,2,Months,1,2.49,2.07,0,1.54,2.87,4.87,697.61,0,4,54.57,12,0.45,0,0.2,0.25,0.3,0,0,0,0,0,0,,826.3,1.59,57.13,2.32,40.48,300.55,102.12,-5.30216,1.75E-11,3.24739,4.22725,406.398,5.55746,0.0119222,11.6895,4.2896,0.000011492
p0000128392,Training,128392,C14H22O,69175,0.488550717,3.08,Weeks,3,0.315970345,2.07,Months,1,0.79,0.68,0.31,0.48,1.9,3.95,206.32,1,1,20.23,2,0.93,0,0.07,0.07,0,1,1,0,0,0,1,,518.36,1.5,30.14,0.93,25.73,221.24,64.91,-5.1201256,1.47E-11,428.882,14.8069,253.107,38.9303,9.52E-06,8.67301,4.92004,1.21E-05
p0000131179,Training,131179,C14H14O4,27667,0.562292864,3.65,Days to Weeks,4,0.484299839,3.05,Weeks,3,0.97,1.51,0,0.89,1.91,2.7,246.26,0,4,52.6,8,0.78,0,0.22,0.22,0,1,1,0,0,0,1,,554.12,1.52,39.21,1.11,26.87,221.43,67.78,-3.13502,5.90E-11,21.4599,4.3175,312.938,14.3908,9.60E-08,7.44522,3.22897,0.000742715
p0000135488,Vaildati,135488,C22H14,110784,0.463892989,2.91,Weeks,3,0.283301229,1.92,Months,1,3.43,1.99,0,0.35,2.19,6.79,278.35,0,0,0,0,1,0,0,0,0,5,5,0,0,0,5,3.37,622.61,1.81,57.7,1.23,38.7,225.9,97.62,-8.63966,3.79E-11,1330.59,361.053,522.306,271.5,9.75E-07,11.6925,7.10712,5.56E-09
p0000149304,Vaildati,149304,C7H5NS2,22041,0.572871602,3.74,Days to Weeks,4,0.432969291,2.71,Weeks to Months,2,1.81,1.34,0,0.46,1.13,2.84,167.25,0,1,79.93,0,0.7,0.1,0.1,0.3,0,2,2,0,0,1,1,,336.91,1.76,64.55,1.41,19.32,118.86,48.75,-2.82193,2.62E-11,7.96072,12.9691,289.391,180.906,8.68E-06,5.72849,2.41807,0.00067306
p0000275514,Training,275514,C10H8,109248,0.521138084,3.32,Days to Weeks,4,0.367355921,2.33,Weeks to Months,2,1.15,0.76,0,0.36,1.09,2.62,128.17,0,0,0,0,1,0,0,0,0,2,0,0,0,1,0,2.82,311.11,1.63,40.21,1.04,17.48,123.55,44.1,-2.87079,1.31E-11,85.1911,8.578,217.91,98.6518,0.000387396,5.16869,3.20656,0.000245181
p0000290379,Training,290379,C4H4N2,420221,0.534026106,3.42,Days to Weeks,4,0.440909082,2.76,Weeks,3,0.63,0.82,0,0.5,0.63,0.7,80.09,0,2,25.78,0,0.67,0.33,0.33,0.33,0,1,1,0,0,0,1,,195.57,1.5,44.12,1.06,8.89,75.88,22.44,0.12489,6.36E-12,1.5086,14.7078,115.275,54.798,3.73E-06,3.32759,-0.25876,11.9135
p0000343895,Training,343895,C15H12FNO, ,0.562292864,3.65,Days to Weeks,4,0.328379603,2.13,Months,1,1.9,1.83,0.41,0.74,1.77,3.55,241.26,1,2,29.1,1,0.83,0.06,0.11,0.11,0.06,3,2,0,0,1,2,,497.63,1.65,51.65,1.3,26.98,185.63,68.06,-4.0306908,1.38E-11,29.2189,5.23903,324.877,145.414,1.35E-10,10.8749,4.3712,1.74E-06
p0000463401,Vaildati,463401,C18H30O2,22042,0.639486489,4.36,Hours to Days,6,0.574031268,3.75,Days,5,0.61,0.98,0.57,0.6,2.59,4.91,278.43,1,2,37.3,13,0.9,0,0.1,0.1,0,0,0,0,0,0,0,,731.7,1.49,34.86,0.92,34.56,301.13,87.18,-7.036434,9.75E-11,64.3569,3.54885,357.698,-9.29198,3.33E-08,10.6283,6.46322,8.86E-07
p0000482893,Training,482893,C16H10N2O2,28645,0.456366033,2.86,Weeks,3,0.318063335,2.08,Months,1,2.62,2.25,0.16,1.36,1.86,2.97,262.26,2,4,58.2,0,0.8,0.1,0.2,0.2,0,4,2,0,0,2,2,,522.16,1.71,63.41,1.42,28.63,185.04,72.23,-2.4145612,2.20E-11,6.32275,8.45969,369.793,117.947,1.98E-09,10.8172,3.71775,0.000270608
p0000483498,Training,483498,C17H17N, ,0.447158031,2.8,Weeks,3,0.283301229,1.92,Months,1,1.8,1.33,0,0.69,1.91,4.15,235.32,0,1,3.24,0,0.94,0.06,0.06,0.06,0,4,2,0,0,0,4,,539.52,1.66,51.92,1.17,29.49,200.99,74.38,-4.95472,2.09E-11,177.117,107.503,344.803,85.1661,9.47E-06,8.955,1.87343,0.00017154
p0000492386,Training,492386,C9H8O2,40987,0.592176757,3.91,Days,5,0.505149978,3.2,Weeks,3,0.85,1.08,0.57,0.52,1.17,2.02,148.16,1,2,37.3,2,0.82,0,0.18,0.18,0,1,1,0,0,0,1,,334.16,1.56,43.83,1.14,16.66,129.87,42.02,-1.7244868,3.00E-11,4.02359,4.07668,281.976,106.799,3.90E-08,7.73718,1.87226,0.0087964
p0000494973,Training,494973,C9H12N2, ,0.517195898,3.29,Days to Weeks,4,0.380211242,2.4,Weeks to Months,2,0.99,1.02,0.13,0.85,1.23,1.64,148.21,1,2,24.92,1,0.82,0.18,0.18,0.18,0,2,1,0,0,1,1,,360.52,1.54,41.37,1.04,17.57,142.16,44.33,-1.080911,4.35E-11,4.34674,2.93226,269.997,87.7533,2.23E-07,7.45151,0.172221,0.518087
p0000502443,Training,502443,C6H10O2, ,0.615950052,4.13,Days,5,0.568201724,3.7,Days to Weeks,4,0.35,1.4,0,0.46,0.92,0.7,114.14,0,2,26.3,0,0.75,0,0.25,0.25,0,1,0,0,0,0,0,,266.2,1.44,32.22,1.02,11.66,111.73,29.41,-0.47256,3.75E-12,4.14808,4.97932,214.91,-17.9886,2.86E-08,4.45286,0.30899,0.155961
p0000514103,Training,514103,C20H30O2,45149,0.514547753,3.27,Days to Weeks,4,0.367355921,2.33,Weeks to Months,2,1.04,0.86,0.57,0.65,2.59,5.37,302.45,1,2,37.3,2,0.91,0,0.09,0.09,0,3,0,0,0,0,3,,719.1,1.54,40.78,1.06,35.48,284.55,89.49,-7.444591,9.32E-11,93.0648,93.1767,347.834,172.819,8.26E-07,10.8908,3.91816,0.000159206
p0000521357,Training,521357,C21H26O2,154455,0.574031268,3.75,Days,5,0.387389826,2.44,Weeks to Months,2,1.92,1.33,0.5,0.67,2.6,5.97,310.43,1,2,29.46,4,0.91,0,0.09,0.09,0,3,2,0,0,0,3,,743.04,1.56,41.6,1.06,37.61,292.57,94.88,-7.95326,1.67E-11,543.603,35.6846,350.149,77.2476,1.89E-07,10.6241,6.54714,7.37E-07
p0000528290,Vaildati,528290,C6H4N2O4,80682,0.51851394,3.3,Days to Weeks,4,0.397940009,2.5,Weeks to Months,2,1.1,1.83,0,0.31,1.06,1.85,168.11,0,6,91.64,2,0.5,0.17,0.5,0.5,0,1,1,0,0,0,1,,318.24,1.61,62.65,1.49,15.6,113.12,39.34,-2.08791,5.73E-13,6.90529,6.63981,317.379,118.373,1.04E-07,4.45313,1.69037,0.000794539
p0000541855,Vaildati,541855,C8H16O,120734,0.591064607,3.9,Days,5,0.521138084,3.32,Days to Weeks,4,0.21,0.69,0,0.35,1.25,2.03,128.21,0,1,17.07,5,0.89,0,0.11,0.11,0,0,0,0,0,0,0,,355.5,1.41,25.82,0.81,15.52,157.71,39.14,-2.6613,1.37E-11,9.62135,4.60393,161.8,-32.4457,0.000135382,3.95162,2.41492,0.0227232
p0000547819,Training,547819,C18H24O3,46646,0.525044807,3.35,Days to Weeks,4,0.409933123,2.57,Weeks to Months,2,2.06,2.55,1.04,1.26,2.26,3.38,288.38,3,3,60.69,0,0.86,0,0.14,0.14,0,4,1,0,0,1,3,,622.13,1.62,53.88,1.26,32.15,229.62,81.1,-5.4057748,1.67E-11,24.2414,97.6736,382.037,281.859,5.17E-09,9.24784,2.45182,0.000128835
p0000550823,Training,550823,C12H7NO4,30438,0.558708571,3.62,Days to Weeks,4,0.365487985,2.32,Weeks to Months,2,1.86,2.11,0.5,1.13,1.51,1.94,229.19,1,5,75.28,0,0.71,0.06,0.29,0.29,0,3,1,0,0,0,3,,429.29,1.74,75.34,1.57,23.31,145.71,58.8,-1.76959,1.02E-11,12.4744,,341.821,180.105,4.76E-09,9.7953,1.80874,0.00371919
p0000551882,Training,551882,C5H11NO2, ,0.564666064,3.67,Days to Weeks,4,0.469822016,2.95,Weeks,3,0.23,0.71,0,0.28,0.99,1.58,117.15,0,3,45.82,3,0.63,0.13,0.38,0.38,0,0,0,0,0,0,0,,287.01,1.42,28.49,0.94,12.37,124.22,31.19,-1.926,2.07E-12,6.65596,3.67278,157.887,49.7933,2.13E-05,3.16869,1.70581,0.129068
p0000557619,Training,557619,C28H58O,30770,0.574031268,3.75,Days,5,0.484299839,3.05,Weeks,3,0.16,0.56,0.31,0.39,4.11,8.56,410.76,1,1,20.23,26,0.97,0,0.03,0.03,0,0,0,0,0,0,0,,1162.85,1.46,32.18,0.84,52.85,488.23,133.3,-13.6790158,1.67E-11,125.275,125.21,419.895,83.1988,5.63E-08,10.2962,9.06898,1.05E-07
p0000578858,Training,578858,C10H8O7S2,28627,0.561101384,3.64,Days to Weeks,4,0.462397998,2.9,Weeks,3,2.1,3.38,1.12,1.93,1.82,0.52,304.3,3,7,145.73,2,0.53,0,0.37,0.47,0,2,2,0,0,0,2,,515.3,1.73,89.5,1.82,26.38,167.53,66.54,-2.9005592,2.58E-12,2.26705,8.27901,319.937,172.095,3.79E-09,9.24646,1.94912,0.0769284
p0000584690,Vaildati,584690,C12H14O2S2, ,0.555094449,3.59,Days to Weeks,4,0.459392488,2.88,Weeks,3,1.71,1.88,0,0.99,1.92,3.09,254.37,0,2,84.74,6,0.75,0,0.13,0.25,0,1,1,0,0,0,1,,558.52,1.59,46.88,1.19,28.37,213.45,71.57,-3.20878,1.15E-11,24.4646,6.34276,338.214,74.6369,3.04E-07,8.73023,3.01277,7.81E-05
p0000586390,Training,586390,C8H7NO2,86550,0.506505032,3.21,Weeks,3,0.411619706,2.58,Weeks to Months,2,0.97,1.27,0,0.27,1.13,2.33,149.15,0,3,45.82,2,0.73,0.09,0.27,0.27,0,1,1,0,0,0,1,,327.72,1.6,44.03,1.17,17.33,127.22,43.72,-2.83776,1.95E-11,42.7181,3.55266,248.817,-9.9871,1.05E-05,4.43928,2.35594,0.00218783
p0000590669,Training,590669,C8H16,94156,0.514547753,3.27,Days to Weeks,4,0.432969291,2.71,Weeks to Months,2,0.19,0.22,0,0.06,1.13,2.64,112.21,0,0,0,0,1,0,0,0,0,1,0,0,0,0,1,2.28,323.3,1.42,24.8,0.77,14.66,144.87,36.99,-3.75417,9.74E-12,453.989,3.97475,120.655,-41.8019,0.143645,3.47645,4.38576,3.98E-05
p0000599042,Training,599042,C6H10O3, ,0.609594409,4.07,Days,5,0.482873584,3.04,Weeks,3,0.47,1.38,0.17,0.8,0.98,0.34,130.14,1,3,46.53,0,0.67,0,0.33,0.33,0,1,0,0,0,1,0,,277.44,1.47,38.12,1.17,12.33,111.66,31.09,0.504568,1.04E-11,4.44916,4.28878,211.774,91.8788,6.69E-09,5.68987,0.0355054,2.47907
p0000601898,Training,601898,C6H5NO4,21542,0.546542663,3.52,Days to Weeks,4,0.434568904,2.72,Weeks to Months,2,1.13,1.36,0.48,0.53,1.01,1.72,155.11,2,5,86.28,1,0.55,0.09,0.45,0.45,0,1,1,0,0,0,1,,292.78,1.67,79.23,1.58,14.49,98.13,36.56,-1.1633428,1.89E-12,7.16659,4.87254,250.69,82.2173,2.32E-07,7.59451,1.56095,0.00843271
p0000615587,Training,615587,C6H4Br2O,25723,0.503790683,3.19,Weeks,3,0.372912003,2.36,Weeks to Months,2,1.34,1.1,0.5,0.23,1.13,3.01,251.9,1,1,20.23,0,0.67,0,0.11,0.11,0.22,1,1,0,0,0,1,,323.28,1.64,52.27,2.1,17.25,120.23,43.51,-2.81246,7.31E-12,30.4372,8.75139,238.597,38.2043,2.31E-07,7.71451,3.22186,0.0174128
p0000622402,Training,622402,C6H13NO2,21946,0.534026106,3.42,Days to Weeks,4,0.431363764,2.7,Weeks to Months,2,0.66,0.82,0.23,1.09,1.06,0.57,131.17,1,3,32.7,2,0.67,0.11,0.33,0.33,0,1,0,0,0,0,1,,304.38,1.47,36.73,1.06,13.67,123.64,34.48,0.5365666,2.71E-11,2.4039,3.67623,226.864,-1.51987,2.92E-09,5.87044,0.119138,8.26101
p0000630193,Vaildati,630193,C5H10O,42043,0.574031268,3.75,Days,5,0.418301291,2.62,Weeks to Months,2,0.22,0.67,0,0.36,0.83,1.08,86.13,0,1,17.07,1,0.83,0,0.17,0.17,0,0,0,0,0,0,0,,235.05,1.38,22.08,0.79,10.06,108.44,25.37,-0.96984,2.65E-11,5.30823,7.5381,77.7529,5.08093,0.000124984,2.81374,1.04489,0.473218
p0000637070,Training,637070,C12H15ClO3,99389,0.568201724,3.7,Days to Weeks,4,0.390935107,2.46,Weeks to Months,2,0.81,1.25,0,0.69,1.82,2.91,242.7,0,3,35.53,5,0.75,0,0.19,0.19,0.06,1,1,0,0,0,1,,518.56,1.51,36.17,1.15,24.87,211.45,62.73,-3.66361,1.38E-11,62.0828,4.66023,290.125,55.9046,1.31E-07,7.25653,3.45564,0.000189665
p0000698635,Training,698635,C5H3NO4,25574,0.568201724,3.7,Days to Weeks,4,0.447158031,2.8,Weeks,3,0.87,1.63,0,0.54,0.87,0.83,141.08,0,5,76.03,2,0.5,0.1,0.5,0.5,0,1,1,0,0,1,0,,261.8,1.58,55.92,1.47,12.63,95.74,31.85,-0.27892,1.73E-11,7.99802,4.454,227.922,35.5618,8.16E-07,3.96681,1.00952,0.0131819
p0000709988,Training,709988,C9H9Cl2NO,51312,0.557507202,3.61,Days to Weeks,4,0.309630167,2.04,Months,1,1.21,0.97,0.31,0.47,1.5,3.31,218.08,1,2,32.59,2,0.69,0.08,0.15,0.15,0.15,1,1,0,0,0,1,,422.64,1.56,39.44,1.29,21.56,168.66,54.39,-3.7553734,1.30E-11,69.1099,3.51639,350.888,92.1743,1.84E-09,9.10379,3.07062,0.000715564
p0000767102,Training,767102,C8H17N, ,0.584331224,3.84,Days,5,0.447158031,2.8,Weeks,3,0.38,0.47,0,0.52,1.23,1.99,127.23,0,1,3.24,3,0.89,0.11,0.11,0.11,0,1,0,0,0,1,0,,347.16,1.45,28.41,0.85,16.1,150.36,40.61,-2.2014,1.74E-11,11.8478,3.90273,154.394,-21.2101,7.42E-05,4.51942,1.92273,0.00905352
p0000840802,Training,840802,C13H11N3O2,53761,0.572871602,3.74,Days to Weeks,4,0.408239965,2.56,Weeks to Months,2,1.93,2.24,0.75,1.46,1.8,1.97,241.25,2,5,74.58,3,0.72,0.17,0.28,0.28,0,2,2,0,0,0,2,,517.3,1.62,50.98,1.25,27.05,193.59,68.22,-2.73719,1.26E-11,17.5303,3.33651,320.6,215.593,3.03E-10,10.0094,1.64342,0.000792238
p0000872504,Training,872504,C5H9NO,24594,0.567026366,3.69,Days to Weeks,4,0.494154594,3.12,Weeks,3,0.61,0.96,0,0.74,0.82,0.52,99.13,0,2,20.31,0,0.71,0.14,0.29,0.29,0,1,0,0,0,1,0,,232.11,1.47,33.79,1.03,10.64,96.27,26.85,0.5125,8.64E-12,1.76637,4.60985,201.97,-23.8728,3.23E-09,3.83866,-0.458463,10.0212
p0001003618,Training,1003618,C4H4N2OS, ,0.568201724,3.7,Days to Weeks,4,0.418301291,2.62,Weeks to Months,2,1.2,1.69,0.23,0.8,0.86,0.65,128.15,2,3,84.22,1,0.5,0.25,0.38,0.5,0,1,1,0,0,1,0,,255.47,1.71,77.57,1.49,13.37,86.08,33.72,0.457802,3.30E-11,4.60431,3.10511,260.939,120.159,1.23E-07,7.49774,0.326429,0.0474299
p0001077163,Vaildati,1077163,C12H18,106141,0.591064607,3.9,Days,5,0.525044807,3.35,Days to Weeks,4,0.57,0.66,0,0.13,1.56,3.6,162.27,0,0,0,5,1,0,0,0,0,1,1,0,0,0,1,2.3,443.01,1.49,30.65,0.86,21.54,188.28,54.33,-5.2142,1.69E-11,1612.53,3.5255,225.943,-60.2241,0.0123436,5.76757,5.51957,5.90E-06
p0001116763,Training,1116763,C24H51N,31034,0.550228353,3.55,Days to Weeks,4,0.451786436,2.83,Weeks,3,0.14,0.45,0,0.59,3.59,6.99,353.67,0,1,3.24,21,0.96,0.04,0.04,0.04,0,0,0,0,0,0,0,,1012.67,1.45,30.21,0.82,46.37,431.95,116.96,-11.08852,9.24E-12,85.2237,25.4146,365.983,-12.3982,9.56E-07,10.4549,5.50045,1.41E-07
p0001134232,Training,1134232,C11H21NOS, ,0.544068044,3.5,Days to Weeks,4,0.390935107,2.46,Weeks to Months,2,0.88,1.31,0,0.8,1.83,2.75,215.36,0,2,45.61,4,0.79,0.07,0.14,0.21,0,1,0,0,0,0,1,,522.92,1.51,38.42,1.03,24.94,210.04,62.92,-3.26132,3.54E-11,44.9829,2.66993,253.16,11.7077,1.71E-07,7.53275,3.92367,0.000385323
p0001231749,Training,1231749,C19H26O3,135721,0.550228353,3.55,Days to Weeks,4,0.371067862,2.35,Weeks to Months,2,1.12,1.14,0,0.74,2.46,4.7,302.41,0,3,35.53,3,0.86,0,0.14,0.14,0,3,1,0,0,0,3,,698.33,1.52,37.06,1.07,34.25,283.02,86.39,-6.39944,1.72E-11,342.299,12.6971,351.212,59.2616,1.87E-08,9.72375,4.93041,3.52E-06
p0001429501,Vaildati,1429501,C6H20N2O12P4, ,0.484299839,3.05,Weeks,3,0.359835482,2.29,Weeks to Months,2,2.54,2.9,2.5,5.43,2.68,-3.43,436.12,8,14,275.84,11,0.25,0.08,0.58,0.75,0,0,0,0,0,0,0,,744.51,1.62,134.26,1.99,30.55,218.72,77.06,-27.68823,1.82E-11,3.07054,4.07583,391.534,219.662,1.56E-11,9.57649,-3.63058,0.358963
p0001510163,Training,1510163,C12H26O3S, ,0.619093331,4.16,Days,5,0.527629901,3.37,Days to Weeks,4,0.27,1.36,0.31,0.83,2.14,2.74,250.4,1,3,62.75,11,0.75,0,0.19,0.25,0,0,0,0,0,0,0,,609.49,1.47,38.2,1.02,26.94,245.15,67.96,-3.9121226,1.40E-11,13.0517,5.6579,291.203,20.9331,5.50E-08,9.22115,3.11881,0.00143229
p0001634044,Training,1634044,C5H12O, ,0.5132176,3.26,Days to Weeks,4,0.371067862,2.35,Weeks to Months,2,0.03,0.27,0,0.29,0.87,1.38,88.15,0,1,9.23,1,0.83,0,0.17,0.17,0,0,0,0,0,0,0,,245.84,1.38,19.18,0.75,10.67,117.48,26.92,-1.54362,2.97E-12,1.52541,7.56698,55.2738,-108.409,0.000593561,2.68458,0.942109,0.570401
p0001656480,Training,1656480,C6H8N2O,27769,0.539076099,3.46,Days to Weeks,4,0.445604203,2.79,Weeks,3,0.4,1.44,0,0.6,1.04,0.73,124.14,0,3,56.81,6,0.67,0.22,0.33,0.33,0,0,0,0,0,0,0,,307.12,1.43,41.91,1.03,12.46,120.7,31.42,-0.37704,3.78E-12,1.18593,3.67448,305.768,-26.0432,2.50E-07,4.30905,0.118155,5.34983
p0001830326,Training,1830326,C10H14ClN3OS,311837,0.541579244,3.48,Days to Weeks,4,0.36361198,2.31,Weeks to Months,2,1.49,2,0,1.21,1.88,2.23,259.76,0,4,71.39,5,0.63,0.19,0.25,0.31,0.06,1,1,0,0,0,1,,556.15,1.57,56.11,1.28,26.55,203.21,66.97,-1.80354,6.07E-12,14.8324,3.3422,320.832,97.0297,3.30E-09,8.80428,1.87752,0.0190507
p0001861321,Training,1861321,C10H6Cl4O4,175745,0.532754379,3.41,Days to Weeks,4,0.220108088,1.66,Recalcitrant,0,1.25,1.74,0,0.61,1.92,3.43,331.96,0,4,52.6,4,0.56,0,0.22,0.22,0.22,1,1,0,0,0,1,,560.45,1.56,47.91,1.56,27.5,213.02,69.38,-4.46532,6.42E-12,246.4,5.86679,364.957,154.744,1.71E-08,8.97061,4.27803,1.14E-06
p0001861401,Vaildati,1861401,C13H16F3N3O4, ,0.482873584,3.04,Weeks,3,0.225309282,1.68,Recalcitrant,0,0.99,1.84,0,0.55,2.2,3.84,335.28,0,7,94.88,8,0.57,0.13,0.3,0.3,0.13,1,1,0,0,0,1,,636.61,1.53,41.62,1.34,30.59,250.65,77.17,-5.49782,1.39E-11,941.609,3.54327,369.959,65.1518,4.25E-05,8.41432,5.28994,4.79E-07
p0001897456,Training,1897456,C8Cl4N2, ,0.378397901,2.39,Weeks to Mont,2,0.195899652,1.57,Recalcitrant,0,1.43,1.99,0,0.28,1.52,3.18,265.91,0,2,47.58,2,0.57,0.14,0.14,0.14,0.29,1,1,0,0,0,1,,449.22,1.63,71.23,1.72,21.88,154.63,55.2,-4.25703,2.84E-12,63.2267,4.67662,349.957,249.868,2.01E-06,8.49259,2.97569,2.41E-06
p0001912249,Training,1912249,C8H14ClN5,183046,0.494154594,3.12,Weeks,3,0.301029996,2,Months,1,1.26,1.24,0.36,0.89,1.62,2.62,215.68,2,5,62.73,4,0.57,0.36,0.36,0.36,0.07,1,1,0,0,0,1,,460.1,1.6,53.83,1.27,23.19,169.86,58.5,-2.7748248,1.67E-11,7.94979,4.90761,337.108,173.141,1.24E-08,8.38479,2.61148,0.000198547
p0001918021,Training,1918021,C6H3Cl3N2O2,253899,0.45331834,2.84,Weeks,3,0.204119983,1.6,Recalcitrant,0,1.45,1.84,1.03,0.89,1.36,1.9,241.46,3,4,76.21,1,0.46,0.15,0.31,0.31,0.23,1,1,0,0,0,1,,396.99,1.68,78.62,1.81,19.9,133.32,50.2,-2.0185654,8.15E-12,2.72427,4.09513,296.149,218.488,6.90E-10,8.1492,1.89926,0.00178706
p0001918112,Vaildati,1918112,C17H27NO2, ,0.51851394,3.3,Days to Weeks,4,0.245512668,1.76,Months,1,0.87,1.06,0.21,0.74,2.44,4.46,277.4,1,3,38.33,4,0.85,0.05,0.15,0.15,0,1,1,0,0,0,1,,670.47,1.49,30.4,0.97,32.82,285.53,82.79,-6.1975548,1.67E-11,703.864,5.8312,292.167,80.6613,5.03E-08,10.281,4.21807,2.51E-05
p0002016571,Training,2016571,C10H23N, ,0.624282096,4.21,Days,5,0.556302501,3.6,Days to Weeks,4,0.19,0.53,0.21,0.6,1.62,2.5,157.3,2,1,26.02,8,0.91,0.09,0.09,0.09,0,0,0,0,0,0,0,,459.04,1.44,29.31,0.8,20.58,197.28,51.91,-3.148602,2.08E-11,13.592,6.88328,220.465,16.9623,4.23E-05,7.45007,3.56487,0.00347598
p0002456282,Training,2456282,C20H42O,103605,0.597695186,3.96,Days,5,0.477121255,3,Weeks,3,0.01,0.41,0,0.3,2.99,6.07,298.55,0,1,9.23,18,0.95,0,0.05,0.05,0,0,0,0,0,0,0,,847.51,1.44,29.06,0.82,38.24,365.03,96.45,-9.82566,2.41E-11,398.735,14.8648,355.785,13.8272,7.58E-07,9.59541,9.22932,8.30E-07
p0002497587,Training,2497587,C26H46O7, ,0.506505032,3.21,Weeks,3,0.344392274,2.21,Months,1,1.02,1.66,0.23,1.89,3.95,5.35,470.64,1,7,75.61,21,0.79,0,0.21,0.21,0,1,1,0,0,0,1,,1118.91,1.49,35.91,1.03,51.95,457.09,131.04,-7.9278714,2.86E-11,66.857,4.22662,398.029,47.3358,1.38E-08,10.2769,3.28805,9.90E-06
p0002599011,Training,2599011,C30H60O2, ,0.606381365,4.04,Days,5,0.521138084,3.32,Days to Weeks,4,0.02,0.69,0,0.44,4.41,8.85,452.8,0,2,26.3,28,0.94,0,0.06,0.06,0,0,0,0,0,0,0,,1250.42,1.45,31.64,0.86,56.61,527.22,142.81,-14.68804,1.75E-11,52.6352,123.018,459.929,52.6162,7.05E-07,11.6828,8.27521,9.10E-08
p0002599113,Training,2599113,C7H13N5O,76447,0.521138084,3.32,Days to Weeks,4,0.344392274,2.21,Months,1,1.21,1.03,0.63,1.95,1.42,0.19,183.21,3,6,77.88,4,0.54,0.38,0.46,0.46,0,1,0,0,0,0,1,,359.26,1.62,48.94,1.35,19.03,135.83,48.01,-0.064527,2.62E-11,2.44605,4.62312,342.45,164.478,9.66E-09,8.52748,2.28868,0.000772011
p0002809214,Training,2809214,C2H8O7P2,247995,0.537819095,3.45,Days to Weeks,4,0.456366033,2.86,Weeks,3,1.29,1.55,1.56,2.54,1.21,-1.59,206.03,5,7,154.91,2,0.18,0,0.64,0.82,0,0,0,0,0,0,0,,334.69,1.59,139.3,2.11,12.96,97.42,32.7,-3.5813688,3.27E-11,3.0003,3.67827,373.436,195.758,2.40E-09,9.46416,-0.357604,3.34461
p0002961479,Training,2961479,C14H23N, ,0.5774918,3.78,Days,5,0.442479769,2.77,Weeks,3,0.62,0.78,0,0.45,1.94,3.8,205.34,0,1,12.89,7,0.93,0.07,0.07,0.07,0,1,1,0,0,0,1,,555.17,1.48,32.92,0.89,26.29,231.77,66.33,-5.33078,2.11E-11,436.343,3.45444,264.567,33.8996,0.000829211,7.25494,4.80952,1.49E-05
p0003011890,Vaildati,3011890,C7H5ClN2O3,211832,0.555094449,3.59,Days to Weeks,4,0.383815366,2.42,Weeks to Months,2,1.41,2.2,0.49,0.75,1.27,1.59,200.58,2,5,88.91,2,0.54,0.15,0.38,0.38,0.08,1,1,0,0,0,1,,373.06,1.62,63.94,1.52,18.48,131.93,46.62,-1.259645,4.07E-12,5.99617,4.59463,306.974,172.007,1.83E-09,9.28885,0.344322,0.00174984
p0003366618,Training,3366618,C14H14N2O,528901,0.564666064,3.67,Days to Weeks,4,0.365487985,2.32,Weeks to Months,2,2.02,2.28,0.64,1.08,1.82,2.83,226.27,3,3,55.12,2,0.82,0.12,0.18,0.18,0,2,2,0,0,0,2,,510.2,1.65,51.91,1.19,27.49,190.08,69.35,-3.3677944,1.51E-11,25.1186,4.71658,341.346,141.128,4.09E-10,9.18323,2.01262,3.82E-05
p0003405092,Training,3405092,C13H9Br2N, ,0.428134794,2.68,Weeks to Mont,2,0.247973266,1.77,Months,1,2.56,1.83,0.23,0.43,1.81,4.94,339.03,2,1,26.02,0,0.81,0.06,0.06,0.06,0.13,3,2,0,0,1,2,,513.6,1.73,62.06,1.85,29.1,182.98,73.41,-5.8693018,1.98E-11,123839,121.941,401.023,129.042,1.44E-07,11.3554,4.9767,1.73E-05
p0004241274,Training,4241274,C7H6N2O,35124,0.562292864,3.65,Days to Weeks,4,0.450249108,2.82,Weeks,3,1.02,1.46,0.5,0.82,1.03,1.01,134.14,1,3,56.91,1,0.7,0.2,0.3,0.3,0,1,1,0,0,0,1,,302.07,1.58,65.32,1.26,13.98,106.25,35.27,-0.30629,1.18E-10,4.8083,3.54201,295.486,132.251,1.46E-07,7.52358,1.021,0.257014
p0004318767,Training,4318767,C5H7N3,195741,0.558708571,3.62,Days to Weeks,4,0.421603927,2.64,Weeks to Months,2,1.23,1.56,0.45,0.92,0.87,0.61,109.13,4,3,64.93,0,0.63,0.38,0.38,0.38,0,1,1,0,0,0,1,,253.09,1.68,70.91,1.25,13.01,87.22,32.82,0.499842,5.53E-11,3.81158,3.06522,296.827,110.306,4.45E-08,7.82914,-0.00149132,0.415994
p0004390049,Training,4390049,C16H34,97129,0.385606274,2.43,Weeks to Mont,2,0.225309282,1.68,Recalcitrant,0,-0.06,0.02,0,0.2,2.36,5.05,226.44,0,0,0,6,1,0,0,0,0,0,0,0,0,0,0,2.07,651.37,1.43,24.37,0.77,30.14,293.16,76.03,-7.96806,7.58E-12,6602.92,20.9531,272.647,-39.9841,0.146585,5.94901,7.64979,4.69E-09
p0004752107,Training,4752107,C8H4Cl2N2, ,0.517195898,3.29,Days to Weeks,4,0.33243846,2.15,Months,1,1.66,1.41,0,0.52,1.25,2.77,199.04,0,2,25.78,0,0.67,0.17,0.17,0.17,0.17,2,2,0,0,0,2,,371.14,1.67,59.03,1.49,19.85,133.9,50.07,-2.84152,6.94E-12,13.8117,17.7596,282.737,130.166,5.12E-07,6.87594,2.08185,0.0105293
p0004994165,Training,4994165,C12H14, ,0.558708571,3.62,Days to Weeks,4,0.419955748,2.63,Weeks to Months,2,0.95,0.83,0,0.2,1.41,3.41,158.24,0,0,0,1,1,0,0,0,0,2,1,0,0,0,2,2.49,405.01,1.54,37.26,0.97,20.5,163.93,51.72,-4.56994,6.86E-11,355.942,6.15514,255.991,-11.3728,0.000579138,5.72888,4.3646,4.97E-05
p0005537713,Training,5537713,C10H9NO2,133992,0.546542663,3.52,Days to Weeks,4,0.440909082,2.76,Weeks,3,0.96,1.56,0.57,0.65,1.37,1.99,175.18,1,3,61.09,3,0.77,0.08,0.23,0.23,0,1,1,0,0,0,1,,392.74,1.56,53.2,1.2,18.74,145.42,47.28,-1.960431,,,,,,,,,
p0005625376,Training,5625376,C8H18N2O6S2,177117,0.469822016,2.95,Weeks,3,0.36361198,2.31,Weeks to Months,2,1.11,2.94,0.63,2.55,2.01,-1.14,302.37,2,8,131.98,6,0.44,0.11,0.44,0.56,0,1,0,0,0,0,1,,566.89,1.57,63.52,1.51,25.97,200.8,65.52,0.428117,5.85E-12,3.05657,7.129,294.154,199.049,6.93E-08,8.99901,0.668436,0.117578
p0005810184,Training,5810184,C12H21NO2,79854,0.638489257,4.35,Hours to Days,6,0.565847819,3.68,Days to Weeks,4,0.34,1.21,0.57,0.56,1.89,2.92,211.3,1,3,61.09,11,0.8,0.07,0.2,0.2,0,0,0,0,0,0,0,,539.66,1.46,39.97,0.98,23.44,214.63,59.12,-3.8899904,2.31E-11,7.38812,5.31322,274.493,77.6056,4.34E-10,8.96849,2.08116,0.00054829
p0005902512,Training,5902512,C9H13ClN2O2, ,0.488550717,3.08,Weeks,3,0.324282455,2.11,Months,1,0.97,1.46,0.16,1.02,1.58,1.76,216.66,1,4,49.41,1,0.64,0.14,0.29,0.29,0.07,1,0,0,0,0,1,,441.16,1.54,42.88,1.26,21.3,172.4,53.73,-1.5087184,1.69E-11,3.34181,4.30428,277.637,175.849,1.46E-06,7.51219,1.89021,0.00330593
p0005976476,Vaildati,5976476,C3H5ClO,107536,0.579783597,3.8,Days,5,0.469822016,2.95,Weeks,3,0.43,0.59,0.31,0.38,0.67,1.01,92.52,1,1,20.23,1,0.6,0,0.2,0.2,0.2,0,0,0,0,0,0,,191.87,1.45,30.21,1.13,8.68,81.84,21.9,-0.2436436,4.28E-11,9.52611,6.54813,135.945,-18.0642,1.69E-07,4.19795,0.339157,2.5477
p0006047296,Vaildati,6047296,C15H13NO,160720,0.550228353,3.55,Days to Weeks,4,0.397940009,2.5,Weeks to Months,2,1.73,1.86,0.41,0.73,1.75,3.32,223.27,1,2,29.1,0,0.88,0.06,0.12,0.12,0,3,2,0,0,0,2,,498,1.6,43.35,1.15,26.36,194.08,66.5,-3.7857366,1.39E-11,42.9136,6.73051,334.561,160.804,4.16E-10,10.6728,3.45034,9.01E-05
p0006310243,Training,6310243,C13H10O2S,63054,0.597695186,3.96,Days,5,0.530199698,3.39,Days to Weeks,4,1.69,1.63,0.57,0.66,1.7,3.49,230.28,1,2,62.6,3,0.81,0,0.13,0.19,0,2,2,0,0,0,2,,490.3,1.67,61.45,1.31,26.07,175.12,65.75,-3.9318744,1.02E-11,3.79681,15.1426,318.463,192.781,8.98E-10,9.94495,3.09707,0.00222105
p0007346465,Training,7346465,C11H10ClNO2,142542,0.550228353,3.55,Days to Weeks,4,0.374748346,2.37,Weeks to Months,2,0.98,1.66,0,0.65,1.63,2.46,223.66,0,3,50.09,5,0.73,0.07,0.2,0.2,0.07,1,1,0,0,0,1,,469.5,1.53,45.31,1.24,22.3,180.96,56.24,-2.93017,1.43E-11,43.5159,3.53233,315.483,38.9495,4.77E-09,7.32598,2.55981,0.00221593
p0010041062,Vaildati,10041062,C11H10N2O, ,0.56937391,3.71,Days to Weeks,4,0.436162647,2.73,Weeks to Months,2,1.56,1.9,0,0.88,1.44,2.03,186.21,0,3,34.89,2,0.79,0.14,0.21,0.21,0,2,2,0,0,1,1,,421.49,1.59,43.07,1.13,22.13,164.53,55.82,-1.59518,9.14E-12,6.5723,3.5405,318.713,103.772,3.78E-09,8.97069,1.29204,0.00583826
p0010096910,Training,10096910,C12H9N3O, ,0.527629901,3.37,Days to Weeks,4,0.387389826,2.44,Weeks to Months,2,2.45,2,0.07,0.89,1.53,3.13,211.22,1,4,50.94,1,0.75,0.19,0.25,0.25,0,3,3,0,0,1,2,,432.59,1.7,56.55,1.34,24.23,157.75,61.12,-2.7857826,8.42E-11,9.65354,14.7013,322.587,166.415,2.81E-08,9.1958,2.79889,0.00127765
p0010269962,Training,10269962,C6H11NO4, ,0.62324929,4.2,Days,5,0.537819095,3.45,Days to Weeks,4,0.39,1.17,0.57,0.58,1.2,1.41,161.16,1,5,83.12,6,0.55,0.09,0.45,0.45,0,0,0,0,0,0,0,,351.2,1.47,45.83,1.19,14.84,134.98,37.43,-1.1735672,1.11E-11,3.66447,3.55718,257.135,86.1879,9.14E-09,6.17636,-1.43764,0.158389
p0010389738,Vaildati,10389738,C10H14ClN, ,0.5289167,3.38,Days to Weeks,4,0.408239965,2.56,Weeks to Months,2,0.91,0.98,0.21,0.7,1.5,2.51,183.68,2,1,26.02,2,0.83,0.08,0.08,0.08,0.08,1,1,0,0,0,1,,423.44,1.54,37.65,1.07,21.19,170.94,53.46,-2.692894,2.43E-11,51.4167,2.5167,264.158,79.1938,5.72E-07,8.39198,2.35084,0.000599134
p0010527169,Training,10527169,C15H9ClO, ,0.505149978,3.2,Weeks,3,0.338456494,2.18,Months,1,2.4,1.91,0,0.52,1.73,4.33,240.68,0,1,17.07,1,0.88,0,0.06,0.06,0.06,3,3,0,0,0,3,,495.87,1.75,55.98,1.33,29.17,181.28,73.59,-5.11274,1.94E-11,714.515,7.43674,339.962,122.261,6.66E-06,8.52927,3.34196,0.000026771
p0013710195,Training,13710195,C14H12ClNO2, ,0.531478917,3.4,Days to Weeks,4,0.408239965,2.56,Weeks to Months,2,1.75,1.59,0.72,0.64,1.9,4.1,261.7,2,3,49.33,3,0.78,0.06,0.17,0.17,0.06,2,2,0,0,0,2,,536.26,1.66,55.77,1.33,28.65,196.23,72.28,-4.8643396,1.37E-11,3.57028,4.631,308.804,207.29,1.80E-10,9.23528,5.16668,3.01E-06
p0014289248,Training,14289248,C9H9NO6S,545304,0.602059991,4,Days,5,0.423245874,2.65,Weeks to Months,2,0.93,1.92,0,0.85,1.67,1.9,259.24,0,7,126.66,6,0.53,0.06,0.41,0.47,0,1,1,0,0,1,0,,489.99,1.56,53.94,1.43,23.07,180.8,58.18,-1.99139,9.45E-12,5.36823,3.54125,309.993,80.1059,5.73E-09,7.2568,1.66187,0.001058
p0015972608,Vaildati,15972608,C14H20ClNO2, ,0.546542663,3.52,Days to Weeks,4,0.344392274,2.21,Months,1,1.11,1.63,0,0.94,2.14,3.21,269.77,0,3,29.54,6,0.78,0.06,0.17,0.17,0.06,1,1,0,0,0,1,,605.23,1.54,39.82,1.12,29.95,240.94,75.55,-3.88817,1.38E-11,13.2282,4.32015,298.495,39.5205,8.34E-09,9.72039,3.51767,0.00076453
p0016203977,Training,16203977,C20H16O6, ,0.541579244,3.48,Days to Weeks,4,0.352182518,2.25,Weeks to Months,2,2.22,2.35,0,1.14,2.52,4.39,352.34,0,6,78.9,6,0.77,0,0.23,0.23,0,3,3,0,0,0,3,,719.5,1.63,50.02,1.3,38.04,270.55,95.96,-5.11495,1.69E-11,16.8069,4.783,427.413,109.342,1.54E-09,11.5824,3.46087,1.72E-05
p0016245797,Vaildati,16245797,C14H23N, ,0.552668216,3.57,Days to Weeks,4,0.462397998,2.9,Weeks,3,0.87,1.05,0.23,0.45,1.94,3.92,205.34,2,1,26.02,7,0.93,0.07,0.07,0.07,0,1,1,0,0,0,1,,548.41,1.52,36.2,0.92,26.89,223.57,67.84,-5.222937,1.57E-11,909.97,3.07531,309.924,20.0712,1.38E-05,8.93609,4.92065,9.90E-05
p0017041600,Vaildati,17041600,C7H10O4, ,0.619093331,4.16,Days,5,0.546542663,3.52,Days to Weeks,4,0.26,1.03,0,0.78,1.2,0.88,158.15,0,4,52.6,4,0.64,0,0.36,0.36,0,0,0,0,0,0,0,,343.51,1.44,31.97,1.09,15.04,144.46,37.93,-0.42767,8.75E-12,2.99835,4.13512,202.745,5.12244,3.81E-06,4.53127,0.543598,0.105344
p0017747432,Training,17747432,C7H7NO2,293047,0.629409599,4.26,Hours to Days,6,0.496929648,3.14,Weeks,3,0.69,1.16,0,0.73,1.03,0.97,137.14,0,3,39.19,2,0.7,0.1,0.3,0.3,0,1,1,0,0,0,1,,302.94,1.51,40.23,1.14,14.15,120.29,35.69,-0.29327,8.70E-12,3.71348,4.63563,215.91,24.3001,1.89E-07,4.43205,0.881309,0.128407
p0020497954,Training,20497954,C4H7NO4, ,0.591064607,3.9,Days,5,0.501059262,3.17,Weeks,3,0.29,1.12,0,0.58,0.92,0.6,133.1,0,5,72.12,4,0.44,0.11,0.56,0.56,0,0,0,0,0,0,0,,274.57,1.43,37.68,1.2,11.25,110.82,28.38,-0.11964,6.34E-12,1.88368,4.45427,148.43,-43.9992,2.39E-06,3.49323,-0.452364,0.0521961
p0024424995,Training,24424995,C10H18O5, ,0.607455023,4.05,Days,5,0.50242712,3.18,Weeks,3,0.07,0.94,0,0.93,1.73,1.63,218.25,0,5,61.83,6,0.67,0,0.33,0.33,0,0,0,0,0,0,0,,489.32,1.43,31.21,1.05,21.25,207.03,53.6,-1.78371,1.07E-11,7.77642,7.59725,200.845,-15.5237,6.64E-05,4.31434,2.62419,0.00342322
p0024800440,Training,24800440,C9H20O4, ,0.571708832,3.73,Days to Weeks,4,0.459392488,2.88,Weeks,3,0.58,0.89,0.46,1.3,1.61,1.31,192.25,2,4,58.92,7,0.69,0,0.31,0.31,0,0,0,0,0,0,0,,455.16,1.45,35.89,1.03,19.89,185.96,50.18,-1.300996,,,,,,,,,
p0026761400,Vaildati,26761400,C28H46O4, ,0.557507202,3.61,Days to Weeks,4,0.431363764,2.7,Weeks to Months,2,0.72,1.42,0,0.89,3.96,7.19,446.66,0,4,52.6,20,0.88,0,0.13,0.13,0,1,1,0,0,0,1,,1127.86,1.49,35.18,0.96,52.77,463.09,133.11,-11.12676,,,,,,,,,
p0027119079,Training,27119079,C7H13NO4S, ,0.582063363,3.82,Days,5,0.409933123,2.57,Weeks to Months,2,0.7,2.2,0.57,1.46,1.51,-0.04,207.25,2,5,91.85,4,0.54,0.08,0.38,0.46,0,0,0,0,0,0,0,,427.69,1.5,46.59,1.27,19.17,163.7,48.35,0.1164136,,,,,,,,,
p0030515287,Training,30515287,C7H13BrO2, ,0.610660163,4.08,Days,5,0.482873584,3.04,Weeks,3,0.47,0.86,0.57,0.37,1.34,2.46,209.08,1,2,37.3,6,0.7,0,0.2,0.2,0.1,0,0,0,0,0,0,,384.58,1.49,41.1,1.38,17.35,151.89,43.78,-2.5386258,1.16E-11,3.37496,4.49303,280.004,31.0549,2.69E-07,7.48049,2.70648,0.0153626
p0035597445,Training,35597445,C5H12NO4P, ,0.617000341,4.14,Days,5,0.482873584,3.04,Weeks,3,0.73,1.25,1.09,1.76,1.31,-0.29,181.13,4,5,110.43,4,0.45,0.09,0.45,0.55,0,0,0,0,0,0,0,,368.13,1.5,61.6,1.38,15.33,131.4,38.68,-1.1018008,,,,,,,,,
p0037008223,Training,37008223,C8H16N2O2, ,0.564666064,3.67,Days to Weeks,4,0.414973348,2.6,Weeks to Months,2,0.6,1.18,0.16,1.04,1.4,1.11,172.22,1,4,41.57,3,0.67,0.17,0.33,0.33,0,1,0,0,0,0,1,,400.93,1.47,35.57,1.05,18.07,164.18,45.58,-0.5614568,3.65E-11,1.92694,3.8175,215.422,19.1813,2.60E-08,7.48918,1.11533,0.195194
p0040365615,Training,40365615,C9H14O2,274948,0.555094449,3.59,Days to Weeks,4,0.413299764,2.59,Weeks to Months,2,0.55,0.76,0.09,0.54,1.3,2.1,154.21,0,2,18.46,4,0.82,0,0.18,0.18,0,1,0,0,0,0,1,,378.98,1.46,34.06,0.98,17.02,156.88,42.94,-2.3110932,,,,,,,,,
p0054798286,Training,54798286,C8H8N4O2, ,0.597695186,3.96,Days,5,0.397940009,2.5,Weeks to Months,2,1.21,1.97,0.23,1.19,1.39,0.89,192.17,2,6,101.89,4,0.57,0.29,0.43,0.43,0,1,1,0,0,0,1,,416.01,1.57,74.2,1.36,18.35,141.74,46.28,-0.0982194,8.75E-12,2.16492,4.86084,289.922,183.359,7.22E-10,4.94953,-0.420613,0.0234577
p0055861784,Training,55861784,C10H17N3O2, ,0.57863921,3.79,Days,5,0.378397901,2.39,Weeks to Months,2,1.01,1.38,0.31,0.97,1.7,2.25,211.26,1,5,58.37,2,0.67,0.2,0.33,0.33,0,1,1,0,0,1,0,,472.65,1.52,39.13,1.12,22.86,188.98,57.66,-2.4379734,1.38E-11,15.5051,4.6213,308.532,119.482,7.24E-10,9.46789,1.97666,0.00375943
p0057516731,Training,57516731,C8H12O4, ,0.509202522,3.23,Weeks,3,0.390935107,2.46,Weeks to Months,2,0.66,0.93,0,0.95,1.21,1.08,172.18,0,4,36.92,0,0.67,0,0.33,0.33,0,2,0,0,0,0,2,,354.42,1.49,36.35,1.19,16.46,144.34,41.51,-0.22578,7.29E-11,2.809,3.65741,217.349,46.5049,3.11E-07,5.07252,0.941436,0.00805918
p0073918566,Training,73918566,C8H10BrN, ,0.534026106,3.42,Days to Weeks,4,0.413299764,2.59,Weeks to Months,2,1.11,1.12,0.21,0.66,1.27,2.18,200.08,2,1,26.02,2,0.8,0.1,0.1,0.1,0.1,1,1,0,0,0,1,,363.4,1.58,42.76,1.41,18.64,142.11,47.03,-2.0100232,1.99E-11,6.19603,3.076,245.356,17.0758,1.55E-07,7.76574,2.06501,0.0587764
p0081335377,Training,81335377,C17H17N3O3, ,0.477121255,3,Weeks,3,0.281033367,1.91,Months,1,2.28,2.06,0.83,1.67,2.31,3.27,311.34,2,6,91.65,3,0.74,0.13,0.26,0.26,0,3,2,0,0,1,2,,614.95,1.66,51.59,1.36,33.67,229.45,84.94,-5.1759982,1.65E-11,2.88632,3.34957,288.539,220.931,2.09E-10,9.33619,1.86053,0.00301365
p0088768450,Training,88768450,C6H6N2O2S, ,0.565847819,3.68,Days to Weeks,4,0.418301291,2.62,Weeks to Months,2,1.17,1.42,0.57,0.98,1.15,1.18,170.19,1,4,88.38,3,0.55,0.18,0.36,0.45,0,1,1,0,0,0,1,,349.42,1.62,78.26,1.45,16.36,117.48,41.27,-0.6359232,8.29E-12,4.0569,3.5487,310.659,180.6,1.93E-09,8.49551,0.124167,0.106246
p0286017718,Training,286017718,C9H6ClF3O, ,0.44870632,2.81,Weeks,3,0.269512944,1.86,Months,1,0.6,0.98,0,0.31,1.33,2.51,222.59,0,1,17.07,2,0.64,0,0.07,0.07,0.29,1,1,0,0,0,1,,389.59,1.47,30.65,1.34,18.42,165.58,46.46,-3.31775,1.68E-12,302.727,3.55418,205.013,1.16196,1.53E-06,5.00153,4.00996,0.000276333
p1214375242,Training,1214375242,C7H5Cl2NO2, ,0.555094449,3.59,Days to Weeks,4,0.318063335,2.08,Months,1,0.96,1.33,0,0.71,1.28,1.74,206.03,0,3,39.19,2,0.58,0.08,0.25,0.25,0.17,1,1,0,0,0,1,,378.01,1.55,46.89,1.43,18.2,144.45,45.91,-1.51479,,,,,,,,,
